{
    "fonts": [
        {
            "aifont": "SourceSerifRoman-Semibold",
            "family": "Source Sans Pro",
            "weight": "600",
            "style": ""
        },
        {
            "aifont": "SourceSansRoman-Light",
            "family": "Source Sans Pro",
            "weight": "200",
            "style": ""
        },
        {
            "aifont": "SourceSansItalic-LightItalic",
            "family": "Source Sans Pro",
            "weight": "200",
            "style": ""
        },
        {
            "aifont": "SourceSerifRoman-Regular",
            "family": "Source Sans Pro",
            "weight": "400",
            "style": ""
        },
        {
            "aifont": "SourceSerifRoman-Light",
            "family": "Source Sans Pro",
            "weight": "200",
            "style": "" 
        }

    ]
}